"28666901","0","301","2856145","Vivec's Antlers Wayshrine"
"28666901","0","302","15022082","Sulfur Pools Wayshrine"
"28666901","0","304","15022116","Ash Mountain Graveyard"
"28666901","0","305","2856176","Brothers of Strife Wayshrine"
"28666901","0","306","2856289","Fort Hrogar Wayshrine"
"28666901","0","307","2856357","Fort Virak Wayshrine"
"28666901","0","309","2856383","Iliath Temple Wayshrine"
"28666901","0","310","2856413","Sathram Plantation Wayshrine"
"28666901","0","311","2856448","Kragenmoor Wayshrine"
"28666901","0","312","2856471","Ash Road Wayshrine"
"28666901","0","313","2854332","Muck Valley Wayshrine"
"28666901","0","314","15022154","Tormented Spire Graveyard 01"
"28666901","0","315","15022194","Tormented Spire Graveyard 02"
"28666901","0","316","15022234","Tormented Spire Graveyard 03"
"28666901","0","317","2860855","Selfora Wayshrine"
"28666901","0","318","2860875","Silent Mire Wayshrine"
"28666901","0","319","2860910","Eidolon's Hollow Wayshrine"
"28666901","0","322","2855395","Northpoint Wayshrine"
"28666901","0","323","2855419","Waysrest Wayshrine"
"28666901","0","324","2855450","Frostbreak Fortress Wayshrine"
"28666901","0","325","15022274","Silverhoof Vale Graveyard"
"28666901","0","326","15022318","Ash Mountain Caldera"
"28666901","0","327","2350728","Mzeneldt"
"28666901","0","328","2854970","Abandoned Village Wayshrine"
"28666901","0","329","15022353","Fort Virak Graveyard"
"28666901","0","330","15022383","Sunny Scale Enclave Graveyard"
"28666901","0","331","15022429","Loriasel Graveyard"
"28666901","0","332","15021577","Graveyard"
"28666901","0","334","15022454","Cheesemonger's Hollow"
"28666901","0","335","15022478","Sadal's Prison"
"28666901","0","337","2858248","Sanguine's Barrows Wayshrine"
"28666901","0","338","2858794","Venturi Wayshrine"
"28666901","0","339","15021602","Dungeon Wayshrine"
"28666901","0","341","2858815","Fort Morvunskar Wayshrine"
"28666901","0","342","2415459","Kynesgrove Wayshrine"
"28666901","0","343","2858878","Voljar's Meadery Wayshrine"
"28666901","0","344","2858922","Crushnest Wayshrine"
"28666901","0","345","15022541","Q3991 Last Rest Barrows"
"28666901","0","346","2858949","Fort Amol Wayshrine"
"28666901","0","347","2858974","Wittestadr Wayshrine"
"28666901","0","348","2858997","Mistwatch Wayshrine"
"28666901","0","350","2859025","Jorunn's Stand Wayshrine"
"28666901","0","351","2859056","Logging Camp Wayshrine"
"28666901","0","352","2859089","Skuldafn Wayshrine"
"28666901","0","353","2857504","Fungal Grotto 1 Dungeon"
"28666901","0","354","2857113","Bleakrock Wayshrine"
"28666901","0","355","15022541","Q3991 Last Rest Barrows"
"28666901","0","356","15022565","Ash Mountain Past"
"28666901","0","358","15021602","Dungeon Wayshrine"
"28666901","0","359","15022591","Zuuk Graveyard"
"28666901","0","363","15022429","Loriasel Graveyard"
"28666901","0","364","15022612","Halls of Submission"
"28666901","0","365","15022637","White Rose Prison Graveyard"
"28666901","0","366","15022680","Ten-Maur-Wolk Graveyard"
"28666901","0","367","15022710","Stormfist Dungeon Graveyard"
"28666901","0","368","15022763","Skin-Stealer Lair Graveyard"
"28666901","0","369","15022812","Broken Dawn Graveyard"
"28666901","0","371","15022842","MG3 Circus Part 1"
"28666901","0","374","2857929","Dhalmora Wayshrine"
"28666901","0","377","2857824","Inner Sea Armature"
"28666901","0","378","2852775","Fort Arand"
"28666901","0","379","15022860","Davon's Watch Crypt Graveyard"
"28666901","0","380","15022890","Coral Heart Graveyard"
"28666901","0","381","15022926","Fort Virak Dungeon Graveyard"
"28666901","0","382","15022971","Heimlyn Keep Reliquary"
"28666901","0","383","15023008","Iliath Temple Tunnel"
"28666901","0","384","15023038","Kragenmoor Crypt"
"28666901","0","385","2858047","Ilayas Ruins Wayshrine"
"28666901","0","386","2858105","Vulkwasten Wayshrine"
"28666901","0","387","2858027","Dra'bul Wayshrine"
"28666901","0","388","2858080","Velyn Harbor Wayshrine"
"28666901","0","389","15023062","Bloodtoil Wayshrine"
"28666901","0","390","2858128","Abamath Wayshrine"
"28666901","0","391","2858148","Wilding Run Wayshrine"
"28666901","0","392","2858179","Baandari Market Wayshrine"
"28666901","0","393","2858285","Valley Guard Wayshrine"
"28666901","0","394","15023092","Nilata Ruins Graveyard"
"28666901","0","395","15023129","Sunken Pass Graveyard"
"28666901","0","396","15023159","Heroes' Necropolis Graveyard"
"28666901","0","397","15023205","Breagha-Fin Graveyard"
"28666901","0","398","15023233","MG3 Circus Part 2"
"28666901","0","399","15023251","Ravenous Rodent Castle"
"28666901","0","400","15023280","Eyevea"
"28666901","0","403","15023289","MQ2 Foundry of Woe Start GY"
"28666901","0","404","15023318","Worm Castle Wayshrine"
"28666901","0","405","15021602","Dungeon Wayshrine"
"28666901","0","406","15021602","Dungeon Wayshrine"
"28666901","0","407","15021602","Dungeon Wayshrine"
"28666901","0","408","2863217","Banished Cells 1 Dungeon"
"28666901","0","409","15023351","Hall of Trials Graveyard"
"28666901","0","411","15023390","Ragnthar"
"28666901","0","416","15023401","Ebon Crypt Graveyard"
"28666901","0","417","15023437","Ebony Fort Watchtower Graveyard"
"28666901","0","418","15023486","Forgotten Crypts"
"28666901","0","419","15023507","Mzulft Graveyard"
"28666901","0","421","15023530","Mistwatch Dream Graveyard"
"28666901","0","423","2856250","Aldunz"
"28666901","0","424","2855609","Bearclaw Mine"
"28666901","0","425","15023573","Broken Tusk Cave Graveyard"
"28666901","0","426","15023599","Chid-Moska Ruins Graveyard"
"28666901","0","427","2856259","Cold Rock Excavations"
"28666901","0","428","15023623","Shadow's Summit Mine Graveyard"
"28666901","0","429","2856561","Crypt of the Exiles"
"28666901","0","431","2856220","Divad's Chagrin Mine"
"28666901","0","433","2859471","Embers Mine"
"28666901","0","434","15023693","Enduum Graveyard"
"28666901","0","435","15023716","Erokii Graveyard"
"28666901","0","436","2855584","Farangel's Hollow"
"28666901","0","437","15023766","Windhelm Leaf Graveyard Catacombs"
"28666901","0","438","15023815","Tanzelwil Interior"
"28666901","0","439","15023883","Sanessalmo's Madness"
"28666901","0","440","15023924","Veiled Bastion"
"28666901","0","441","15023956","Exiles Crypt Graveyard"
"28666901","0","443","2859461","Ezduiin"
"28666901","0","444","15023996","Horror Refuge Graveyard"
"28666901","0","445","15024029","Shiver Hollow Graveyard"
"28666901","0","446","15024062","Icehammer Graveyard"
"28666901","0","447","15024101","Old Sord Cave Graveyard"
"28666901","0","448","15024150","Frosty Grotto Graveyard"
"28666901","0","449","15024186","Stormy Cliff Graveyard"
"28666901","0","450","15024225","Ill-Born Tomb Graveyard"
"28666901","0","451","2857853","Mephala's Nest"
"28666901","0","452","2860495","High Tide Mines"
"28666901","0","453","2857871","Softloam Cavern"
"28666901","0","454","15024260","Sheogorath's Tongue"
"28666901","0","455","2856210","Santaki"
"28666901","0","457","2856347","Yldzuun"
"28666901","0","458","2856319","Sandblow Mine"
"28666901","0","463","2859616","Senie Wayshrine"
"28666901","0","464","15024350","Wittestadr Crypts Graveyard"
"28666901","0","466","15024379","Ossuary Mound Graveyard"
"28666901","0","467","15024418","Morvunskar Tomb Graveyard"
"28666901","0","468","15024452","Torment Halls Wayshrine"
"28666901","0","469","15024485","Lost Knife Cave Graveyard"
"28666901","0","470","15024525","Crag Slope Cave Graveyard"
"28666901","0","474","2852970","Cliff Lair"
"28666901","0","475","2861370","Tanzelwil Wayshrine"
"28666901","0","477","2859856","Riften Wayshrine"
"28666901","0","478","15024551","Apothecarium Graveyard"
"28666901","0","479","2859875","Scald's Retreat Wayshrine"
"28666901","0","480","2859907","Trolhetta Wayshrine"
"28666901","0","481","2859941","Trolhetta Summit Wayshrine"
"28666901","0","482","15024581","Troll Toothpicker Graveyard"
"28666901","0","483","15024625","Torog's Spite Graveyard"
"28666901","0","485","15024658","Viridian Watch Graveyard"
"28666901","0","486","15024693","Slag Hill Graveyard"
"28666901","0","487","15024732","Klathzgar Graveyard"
"28666901","0","489","15024779","Lower Bthanuel Graveyard"
"28666901","0","490","15024815","Triple Circle Mine Graveyard"
"28666901","0","491","15024849","Taleon's Crag Graveyard"
"28666901","0","493","15024874","Corpse Garden Graveyard"
"28666901","0","494","15024901","Orc's Finger Graveyard"
"28666901","0","495","15024928","Tribulations Crypt Graveyard"
"28666901","0","496","15024965","Hildune's Refuge Graveyard"
"28666901","0","497","15024995","Portdun Watch Post"
"28666901","0","498","2855541","Koeglin Mine"
"28666901","0","499","15025025","Pariah Catacombs"
"28666901","0","500","15025055","Norvulk Ruins"
"28666901","0","501","15025082","Mehrunes' Spite"
"28666901","0","502","2860202","Ondil"
"28666901","0","503","2860185","Del's Claim"
"28666901","0","504","2860210","Entila's Folly"